order_details_id,order_id,order_date,order_time,item_id,item_name,category,price
1,1,2023-01-01,11:38:36,109,"Korean Beef Bowl",Asian,17.95
2,2,2023-01-01,11:57:40,108,"Tofu Pad Thai",Asian,14.50
3,2,2023-01-01,11:57:40,124,Spaghetti,Italian,14.50
4,2,2023-01-01,11:57:40,117,"Chicken Burrito",Mexican,12.95
5,2,2023-01-01,11:57:40,129,"Mushroom Ravioli",Italian,15.50
6,2,2023-01-01,11:57:40,106,"French Fries",American,7.00
7,3,2023-01-01,12:12:28,117,"Chicken Burrito",Mexican,12.95
8,3,2023-01-01,12:12:28,119,"Chicken Torta",Mexican,11.95
9,4,2023-01-01,12:16:31,117,"Chicken Burrito",Mexican,12.95
10,5,2023-01-01,12:21:30,117,"Chicken Burrito",Mexican,12.95
11,6,2023-01-01,12:29:36,101,Hamburger,American,12.95
12,6,2023-01-01,12:29:36,114,Potstickers,Asian,9.00
13,7,2023-01-01,12:50:37,123,"Chips & Guacamole",Mexican,9.00
14,8,2023-01-01,12:51:37,123,"Chips & Guacamole",Mexican,9.00
15,9,2023-01-01,12:52:01,108,"Tofu Pad Thai",Asian,14.50
16,9,2023-01-01,12:52:01,126,"Fettuccine Alfredo",Italian,14.50
17,9,2023-01-01,12:52:01,110,"Pork Ramen",Asian,17.95
18,9,2023-01-01,12:52:01,117,"Chicken Burrito",Mexican,12.95
19,9,2023-01-01,12:52:01,117,"Chicken Burrito",Mexican,12.95
20,9,2023-01-01,12:52:01,129,"Mushroom Ravioli",Italian,15.50
21,9,2023-01-01,12:52:01,122,"Chips & Salsa",Mexican,7.00
22,9,2023-01-01,12:52:01,130,"Shrimp Scampi",Italian,19.95
23,9,2023-01-01,12:52:01,132,"Eggplant Parmesan",Italian,16.95
24,10,2023-01-01,13:00:15,129,"Mushroom Ravioli",Italian,15.50
25,10,2023-01-01,13:00:15,105,"Mac & Cheese",American,7.00
26,11,2023-01-01,13:02:59,101,Hamburger,American,12.95
27,11,2023-01-01,13:02:59,102,Cheeseburger,American,13.95
28,11,2023-01-01,13:02:59,102,Cheeseburger,American,13.95
29,11,2023-01-01,13:02:59,113,Edamame,Asian,5.00
30,12,2023-01-01,13:04:41,102,Cheeseburger,American,13.95
31,12,2023-01-01,13:04:41,102,Cheeseburger,American,13.95
32,12,2023-01-01,13:04:41,104,"Veggie Burger",American,10.50
33,12,2023-01-01,13:04:41,117,"Chicken Burrito",Mexican,12.95
34,13,2023-01-01,13:11:55,129,"Mushroom Ravioli",Italian,15.50
35,14,2023-01-01,13:14:19,114,Potstickers,Asian,9.00
36,15,2023-01-01,13:33:00,107,"Orange Chicken",Asian,16.50
37,15,2023-01-01,13:33:00,124,Spaghetti,Italian,14.50
38,15,2023-01-01,13:33:00,121,"Cheese Quesadillas",Mexican,10.50
39,15,2023-01-01,13:33:00,114,Potstickers,Asian,9.00
40,16,2023-01-01,13:34:07,125,"Spaghetti & Meatballs",Italian,17.95
41,16,2023-01-01,13:34:07,111,"California Roll",Asian,11.95
42,16,2023-01-01,13:34:07,106,"French Fries",American,7.00
43,17,2023-01-01,13:53:00,101,Hamburger,American,12.95
44,17,2023-01-01,13:53:00,116,"Steak Tacos",Mexican,13.95
45,17,2023-01-01,13:53:00,124,Spaghetti,Italian,14.50
46,17,2023-01-01,13:53:00,125,"Spaghetti & Meatballs",Italian,17.95
47,17,2023-01-01,13:53:00,117,"Chicken Burrito",Mexican,12.95
48,17,2023-01-01,13:53:00,127,"Meat Lasagna",Italian,17.95
49,17,2023-01-01,13:53:00,128,"Cheese Lasagna",Italian,15.50
50,17,2023-01-01,13:53:00,129,"Mushroom Ravioli",Italian,15.50
51,17,2023-01-01,13:53:00,118,"Steak Burrito",Mexican,14.95
52,17,2023-01-01,13:53:00,131,"Chicken Parmesan",Italian,17.95
53,18,2023-01-01,13:57:08,111,"California Roll",Asian,11.95
54,19,2023-01-01,13:59:09,110,"Pork Ramen",Asian,17.95
55,19,2023-01-01,13:59:09,120,"Steak Torta",Mexican,13.95
56,20,2023-01-01,14:03:08,107,"Orange Chicken",Asian,16.50
57,20,2023-01-01,14:03:08,124,Spaghetti,Italian,14.50
58,21,2023-01-01,14:14:29,110,"Pork Ramen",Asian,17.95
59,22,2023-01-01,14:16:26,124,Spaghetti,Italian,14.50
60,22,2023-01-01,14:16:26,110,"Pork Ramen",Asian,17.95
61,22,2023-01-01,14:16:26,105,"Mac & Cheese",American,7.00
62,23,2023-01-01,14:19:03,105,"Mac & Cheese",American,7.00
63,24,2023-01-01,14:23:01,101,Hamburger,American,12.95
64,24,2023-01-01,14:23:01,110,"Pork Ramen",Asian,17.95
65,24,2023-01-01,14:23:01,113,Edamame,Asian,5.00
66,24,2023-01-01,14:23:01,119,"Chicken Torta",Mexican,11.95
67,25,2023-01-01,14:44:44,120,"Steak Torta",Mexican,13.95
68,25,2023-01-01,14:44:44,106,"French Fries",American,7.00
69,26,2023-01-01,14:54:26,108,"Tofu Pad Thai",Asian,14.50
70,26,2023-01-01,14:54:26,132,"Eggplant Parmesan",Italian,16.95
71,27,2023-01-01,15:11:17,101,Hamburger,American,12.95
72,27,2023-01-01,15:11:17,108,"Tofu Pad Thai",Asian,14.50
73,27,2023-01-01,15:11:17,131,"Chicken Parmesan",Italian,17.95
74,28,2023-01-01,15:35:46,103,"Hot Dog",American,9.00
75,29,2023-01-01,15:41:01,126,"Fettuccine Alfredo",Italian,14.50
76,30,2023-01-01,15:41:25,106,"French Fries",American,7.00
77,31,2023-01-01,15:50:18,129,"Mushroom Ravioli",Italian,15.50
78,31,2023-01-01,15:50:18,113,Edamame,Asian,5.00
79,32,2023-01-01,15:53:18,107,"Orange Chicken",Asian,16.50
80,32,2023-01-01,15:53:18,126,"Fettuccine Alfredo",Italian,14.50
81,32,2023-01-01,15:53:18,110,"Pork Ramen",Asian,17.95
82,32,2023-01-01,15:53:18,117,"Chicken Burrito",Mexican,12.95
83,33,2023-01-01,15:54:08,101,Hamburger,American,12.95
84,33,2023-01-01,15:54:08,126,"Fettuccine Alfredo",Italian,14.50
85,34,2023-01-01,16:21:21,114,Potstickers,Asian,9.00
86,35,2023-01-01,16:32:04,126,"Fettuccine Alfredo",Italian,14.50
87,35,2023-01-01,16:32:04,112,"Salmon Roll",Asian,14.95
88,35,2023-01-01,16:32:04,113,Edamame,Asian,5.00
89,35,2023-01-01,16:32:04,106,"French Fries",American,7.00
90,36,2023-01-01,16:54:09,101,Hamburger,American,12.95
91,36,2023-01-01,16:54:09,108,"Tofu Pad Thai",Asian,14.50
92,37,2023-01-01,16:56:09,117,"Chicken Burrito",Mexican,12.95
93,37,2023-01-01,16:56:09,129,"Mushroom Ravioli",Italian,15.50
94,38,2023-01-01,17:03:00,109,"Korean Beef Bowl",Asian,17.95
95,38,2023-01-01,17:03:00,110,"Pork Ramen",Asian,17.95
96,39,2023-01-01,17:07:23,117,"Chicken Burrito",Mexican,12.95
97,40,2023-01-01,17:14:36,125,"Spaghetti & Meatballs",Italian,17.95
98,40,2023-01-01,17:14:36,105,"Mac & Cheese",American,7.00
99,41,2023-01-01,17:15:20,125,"Spaghetti & Meatballs",Italian,17.95
100,41,2023-01-01,17:15:20,126,"Fettuccine Alfredo",Italian,14.50
101,42,2023-01-01,17:28:09,107,"Orange Chicken",Asian,16.50
102,42,2023-01-01,17:28:09,124,Spaghetti,Italian,14.50
103,42,2023-01-01,17:28:09,129,"Mushroom Ravioli",Italian,15.50
104,42,2023-01-01,17:28:09,118,"Steak Burrito",Mexican,14.95
105,43,2023-01-01,17:38:34,103,"Hot Dog",American,9.00
106,43,2023-01-01,17:38:34,117,"Chicken Burrito",Mexican,12.95
107,43,2023-01-01,17:38:34,118,"Steak Burrito",Mexican,14.95
108,44,2023-01-01,17:54:20,130,"Shrimp Scampi",Italian,19.95
109,45,2023-01-01,17:55:48,125,"Spaghetti & Meatballs",Italian,17.95
110,45,2023-01-01,17:55:48,109,"Korean Beef Bowl",Asian,17.95
111,45,2023-01-01,17:55:48,106,"French Fries",American,7.00
112,46,2023-01-01,18:25:51,104,"Veggie Burger",American,10.50
113,46,2023-01-01,18:25:51,108,"Tofu Pad Thai",Asian,14.50
114,46,2023-01-01,18:25:51,106,"French Fries",American,7.00
115,47,2023-01-01,18:26:34,105,"Mac & Cheese",American,7.00
116,47,2023-01-01,18:26:34,132,"Eggplant Parmesan",Italian,16.95
117,48,2023-01-01,18:26:42,104,"Veggie Burger",American,10.50
118,48,2023-01-01,18:26:42,126,"Fettuccine Alfredo",Italian,14.50
119,48,2023-01-01,18:26:42,119,"Chicken Torta",Mexican,11.95
120,48,2023-01-01,18:26:42,122,"Chips & Salsa",Mexican,7.00
121,49,2023-01-01,18:33:00,120,"Steak Torta",Mexican,13.95
123,51,2023-01-01,18:48:28,101,Hamburger,American,12.95
124,51,2023-01-01,18:48:28,112,"Salmon Roll",Asian,14.95
125,52,2023-01-01,18:53:02,109,"Korean Beef Bowl",Asian,17.95
126,52,2023-01-01,18:53:02,129,"Mushroom Ravioli",Italian,15.50
127,52,2023-01-01,18:53:02,122,"Chips & Salsa",Mexican,7.00
128,53,2023-01-01,18:54:17,112,"Salmon Roll",Asian,14.95
129,53,2023-01-01,18:54:17,123,"Chips & Guacamole",Mexican,9.00
130,54,2023-01-01,19:01:45,119,"Chicken Torta",Mexican,11.95
131,54,2023-01-01,19:01:45,106,"French Fries",American,7.00
132,55,2023-01-01,19:03:19,118,"Steak Burrito",Mexican,14.95
133,55,2023-01-01,19:03:19,122,"Chips & Salsa",Mexican,7.00
134,56,2023-01-01,19:07:00,108,"Tofu Pad Thai",Asian,14.50
135,56,2023-01-01,19:07:00,128,"Cheese Lasagna",Italian,15.50
136,56,2023-01-01,19:07:00,105,"Mac & Cheese",American,7.00
137,57,2023-01-01,19:10:51,108,"Tofu Pad Thai",Asian,14.50
138,58,2023-01-01,19:30:40,124,Spaghetti,Italian,14.50
139,58,2023-01-01,19:30:40,113,Edamame,Asian,5.00
140,59,2023-01-01,19:40:08,127,"Meat Lasagna",Italian,17.95
141,59,2023-01-01,19:40:08,112,"Salmon Roll",Asian,14.95
142,59,2023-01-01,19:40:08,113,Edamame,Asian,5.00
143,60,2023-01-01,20:05:16,104,"Veggie Burger",American,10.50
144,60,2023-01-01,20:05:16,125,"Spaghetti & Meatballs",Italian,17.95
145,61,2023-01-01,20:08:43,101,Hamburger,American,12.95
146,61,2023-01-01,20:08:43,117,"Chicken Burrito",Mexican,12.95
147,62,2023-01-01,20:50:16,101,Hamburger,American,12.95
148,62,2023-01-01,20:50:16,123,"Chips & Guacamole",Mexican,9.00
149,63,2023-01-01,20:51:42,112,"Salmon Roll",Asian,14.95
150,64,2023-01-01,20:52:08,107,"Orange Chicken",Asian,16.50
151,65,2023-01-01,21:16:00,112,"Salmon Roll",Asian,14.95
152,65,2023-01-01,21:16:00,120,"Steak Torta",Mexican,13.95
153,65,2023-01-01,21:16:00,122,"Chips & Salsa",Mexican,7.00
154,65,2023-01-01,21:16:00,123,"Chips & Guacamole",Mexican,9.00
155,66,2023-01-01,21:47:55,108,"Tofu Pad Thai",Asian,14.50
156,66,2023-01-01,21:47:55,110,"Pork Ramen",Asian,17.95
157,67,2023-01-01,22:03:40,105,"Mac & Cheese",American,7.00
158,68,2023-01-01,22:07:32,108,"Tofu Pad Thai",Asian,14.50
159,68,2023-01-01,22:07:32,117,"Chicken Burrito",Mexican,12.95
160,68,2023-01-01,22:07:32,117,"Chicken Burrito",Mexican,12.95
161,69,2023-01-01,22:12:13,101,Hamburger,American,12.95
162,70,2023-01-02,11:38:51,127,"Meat Lasagna",Italian,17.95
163,70,2023-01-02,11:38:51,121,"Cheese Quesadillas",Mexican,10.50
164,71,2023-01-02,11:40:50,106,"French Fries",American,7.00
165,72,2023-01-02,11:57:25,131,"Chicken Parmesan",Italian,17.95
166,73,2023-01-02,11:58:56,106,"French Fries",American,7.00
167,74,2023-01-02,12:01:12,124,Spaghetti,Italian,14.50
168,74,2023-01-02,12:01:12,129,"Mushroom Ravioli",Italian,15.50
169,74,2023-01-02,12:01:12,130,"Shrimp Scampi",Italian,19.95
170,74,2023-01-02,12:01:12,123,"Chips & Guacamole",Mexican,9.00
171,75,2023-01-02,12:10:15,117,"Chicken Burrito",Mexican,12.95
172,75,2023-01-02,12:10:15,128,"Cheese Lasagna",Italian,15.50
173,75,2023-01-02,12:10:15,111,"California Roll",Asian,11.95
174,76,2023-01-02,12:21:17,107,"Orange Chicken",Asian,16.50
175,76,2023-01-02,12:21:17,109,"Korean Beef Bowl",Asian,17.95
176,76,2023-01-02,12:21:17,127,"Meat Lasagna",Italian,17.95
177,76,2023-01-02,12:21:17,122,"Chips & Salsa",Mexican,7.00
178,77,2023-01-02,12:22:46,101,Hamburger,American,12.95
179,77,2023-01-02,12:22:46,109,"Korean Beef Bowl",Asian,17.95
180,78,2023-01-02,12:28:14,107,"Orange Chicken",Asian,16.50
181,78,2023-01-02,12:28:14,108,"Tofu Pad Thai",Asian,14.50
182,78,2023-01-02,12:28:14,125,"Spaghetti & Meatballs",Italian,17.95
183,78,2023-01-02,12:28:14,110,"Pork Ramen",Asian,17.95
184,78,2023-01-02,12:28:14,122,"Chips & Salsa",Mexican,7.00
185,78,2023-01-02,12:28:14,106,"French Fries",American,7.00
186,79,2023-01-02,12:29:11,110,"Pork Ramen",Asian,17.95
187,79,2023-01-02,12:29:11,112,"Salmon Roll",Asian,14.95
188,79,2023-01-02,12:29:11,106,"French Fries",American,7.00
189,80,2023-01-02,12:35:38,113,Edamame,Asian,5.00
190,80,2023-01-02,12:35:38,106,"French Fries",American,7.00
191,81,2023-01-02,12:40:01,106,"French Fries",American,7.00
192,82,2023-01-02,12:45:51,107,"Orange Chicken",Asian,16.50
193,82,2023-01-02,12:45:51,102,Cheeseburger,American,13.95
194,82,2023-01-02,12:45:51,122,"Chips & Salsa",Mexican,7.00
195,82,2023-01-02,12:45:51,132,"Eggplant Parmesan",Italian,16.95
196,83,2023-01-02,12:53:27,105,"Mac & Cheese",American,7.00
197,84,2023-01-02,13:13:41,113,Edamame,Asian,5.00
198,85,2023-01-02,13:34:49,108,"Tofu Pad Thai",Asian,14.50
199,85,2023-01-02,13:34:49,108,"Tofu Pad Thai",Asian,14.50
200,85,2023-01-02,13:34:49,117,"Chicken Burrito",Mexican,12.95
201,85,2023-01-02,13:34:49,114,Potstickers,Asian,9.00
202,86,2023-01-02,13:40:31,109,"Korean Beef Bowl",Asian,17.95
203,87,2023-01-02,14:01:02,110,"Pork Ramen",Asian,17.95
204,87,2023-01-02,14:01:02,129,"Mushroom Ravioli",Italian,15.50
205,87,2023-01-02,14:01:02,123,"Chips & Guacamole",Mexican,9.00
206,87,2023-01-02,14:01:02,123,"Chips & Guacamole",Mexican,9.00
207,88,2023-01-02,14:10:08,124,Spaghetti,Italian,14.50
208,89,2023-01-02,14:30:19,121,"Cheese Quesadillas",Mexican,10.50
209,89,2023-01-02,14:30:19,106,"French Fries",American,7.00
210,90,2023-01-02,15:08:48,120,"Steak Torta",Mexican,13.95
211,90,2023-01-02,15:08:48,106,"French Fries",American,7.00
212,91,2023-01-02,15:14:43,101,Hamburger,American,12.95
213,91,2023-01-02,15:14:43,104,"Veggie Burger",American,10.50
214,91,2023-01-02,15:14:43,113,Edamame,Asian,5.00
215,92,2023-01-02,15:17:02,101,Hamburger,American,12.95
216,92,2023-01-02,15:17:02,117,"Chicken Burrito",Mexican,12.95
217,92,2023-01-02,15:17:02,117,"Chicken Burrito",Mexican,12.95
218,92,2023-01-02,15:17:02,127,"Meat Lasagna",Italian,17.95
219,92,2023-01-02,15:17:02,113,Edamame,Asian,5.00
220,92,2023-01-02,15:17:02,118,"Steak Burrito",Mexican,14.95
221,92,2023-01-02,15:17:02,131,"Chicken Parmesan",Italian,17.95
222,92,2023-01-02,15:17:02,123,"Chips & Guacamole",Mexican,9.00
223,92,2023-01-02,15:17:02,114,Potstickers,Asian,9.00
224,93,2023-01-02,15:29:31,120,"Steak Torta",Mexican,13.95
225,94,2023-01-02,16:17:16,110,"Pork Ramen",Asian,17.95
226,94,2023-01-02,16:17:16,105,"Mac & Cheese",American,7.00
227,95,2023-01-02,16:18:04,111,"California Roll",Asian,11.95
228,95,2023-01-02,16:18:04,118,"Steak Burrito",Mexican,14.95
229,96,2023-01-02,16:21:20,111,"California Roll",Asian,11.95
230,97,2023-01-02,16:45:33,107,"Orange Chicken",Asian,16.50
231,98,2023-01-02,17:18:18,108,"Tofu Pad Thai",Asian,14.50
232,98,2023-01-02,17:18:18,111,"California Roll",Asian,11.95
233,99,2023-01-02,17:45:42,117,"Chicken Burrito",Mexican,12.95
234,100,2023-01-02,17:46:17,109,"Korean Beef Bowl",Asian,17.95
235,101,2023-01-02,17:51:33,102,Cheeseburger,American,13.95
236,101,2023-01-02,17:51:33,113,Edamame,Asian,5.00
237,101,2023-01-02,17:51:33,121,"Cheese Quesadillas",Mexican,10.50
238,101,2023-01-02,17:51:33,122,"Chips & Salsa",Mexican,7.00
239,102,2023-01-02,17:54:04,101,Hamburger,American,12.95
240,102,2023-01-02,17:54:04,119,"Chicken Torta",Mexican,11.95
241,103,2023-01-02,18:02:09,123,"Chips & Guacamole",Mexican,9.00
242,104,2023-01-02,18:02:12,101,Hamburger,American,12.95
243,104,2023-01-02,18:02:12,103,"Hot Dog",American,9.00
244,104,2023-01-02,18:02:12,127,"Meat Lasagna",Italian,17.95
245,104,2023-01-02,18:02:12,132,"Eggplant Parmesan",Italian,16.95
246,105,2023-01-02,18:12:01,109,"Korean Beef Bowl",Asian,17.95
247,105,2023-01-02,18:12:01,113,Edamame,Asian,5.00
248,105,2023-01-02,18:12:01,119,"Chicken Torta",Mexican,11.95
249,106,2023-01-02,18:12:13,129,"Mushroom Ravioli",Italian,15.50
250,106,2023-01-02,18:12:13,122,"Chips & Salsa",Mexican,7.00
251,107,2023-01-02,18:25:09,102,Cheeseburger,American,13.95
252,107,2023-01-02,18:25:09,117,"Chicken Burrito",Mexican,12.95
253,107,2023-01-02,18:25:09,122,"Chips & Salsa",Mexican,7.00
254,107,2023-01-02,18:25:09,132,"Eggplant Parmesan",Italian,16.95
255,108,2023-01-02,18:25:25,108,"Tofu Pad Thai",Asian,14.50
256,108,2023-01-02,18:25:25,109,"Korean Beef Bowl",Asian,17.95
257,108,2023-01-02,18:25:25,123,"Chips & Guacamole",Mexican,9.00
258,109,2023-01-02,18:27:50,110,"Pork Ramen",Asian,17.95
259,109,2023-01-02,18:27:50,117,"Chicken Burrito",Mexican,12.95
260,109,2023-01-02,18:27:50,113,Edamame,Asian,5.00
261,109,2023-01-02,18:27:50,119,"Chicken Torta",Mexican,11.95
262,110,2023-01-02,18:36:19,107,"Orange Chicken",Asian,16.50
263,110,2023-01-02,18:36:19,111,"California Roll",Asian,11.95
264,110,2023-01-02,18:36:19,121,"Cheese Quesadillas",Mexican,10.50
265,110,2023-01-02,18:36:19,122,"Chips & Salsa",Mexican,7.00
266,111,2023-01-02,18:38:01,102,Cheeseburger,American,13.95
267,111,2023-01-02,18:38:01,124,Spaghetti,Italian,14.50
268,111,2023-01-02,18:38:01,113,Edamame,Asian,5.00
269,111,2023-01-02,18:38:01,130,"Shrimp Scampi",Italian,19.95
270,112,2023-01-02,18:41:40,113,Edamame,Asian,5.00
271,113,2023-01-02,18:50:21,102,Cheeseburger,American,13.95
272,113,2023-01-02,18:50:21,129,"Mushroom Ravioli",Italian,15.50
273,113,2023-01-02,18:50:21,105,"Mac & Cheese",American,7.00
274,114,2023-01-02,18:59:32,113,Edamame,Asian,5.00
275,114,2023-01-02,18:59:32,120,"Steak Torta",Mexican,13.95
276,115,2023-01-02,19:05:17,107,"Orange Chicken",Asian,16.50
277,115,2023-01-02,19:05:17,111,"California Roll",Asian,11.95
278,115,2023-01-02,19:05:17,106,"French Fries",American,7.00
279,116,2023-01-02,19:18:49,124,Spaghetti,Italian,14.50
280,117,2023-01-02,19:23:02,118,"Steak Burrito",Mexican,14.95
281,117,2023-01-02,19:23:02,120,"Steak Torta",Mexican,13.95
282,118,2023-01-02,19:26:59,119,"Chicken Torta",Mexican,11.95
283,118,2023-01-02,19:26:59,131,"Chicken Parmesan",Italian,17.95
284,119,2023-01-02,19:32:29,125,"Spaghetti & Meatballs",Italian,17.95
285,120,2023-01-02,19:35:07,108,"Tofu Pad Thai",Asian,14.50
286,120,2023-01-02,19:35:07,109,"Korean Beef Bowl",Asian,17.95
287,120,2023-01-02,19:35:07,131,"Chicken Parmesan",Italian,17.95
288,121,2023-01-02,19:38:48,101,Hamburger,American,12.95
289,121,2023-01-02,19:38:48,125,"Spaghetti & Meatballs",Italian,17.95
290,121,2023-01-02,19:38:48,120,"Steak Torta",Mexican,13.95
291,121,2023-01-02,19:38:48,105,"Mac & Cheese",American,7.00
292,122,2023-01-02,19:50:19,117,"Chicken Burrito",Mexican,12.95
293,123,2023-01-02,20:12:09,110,"Pork Ramen",Asian,17.95
294,124,2023-01-02,20:12:34,101,Hamburger,American,12.95
295,124,2023-01-02,20:12:34,120,"Steak Torta",Mexican,13.95
296,124,2023-01-02,20:12:34,122,"Chips & Salsa",Mexican,7.00
297,124,2023-01-02,20:12:34,114,Potstickers,Asian,9.00
299,126,2023-01-02,20:53:42,132,"Eggplant Parmesan",Italian,16.95
300,127,2023-01-02,20:58:23,113,Edamame,Asian,5.00
301,128,2023-01-02,21:05:06,122,"Chips & Salsa",Mexican,7.00
302,129,2023-01-02,21:13:02,107,"Orange Chicken",Asian,16.50
303,129,2023-01-02,21:13:02,114,Potstickers,Asian,9.00
304,130,2023-01-02,21:14:55,109,"Korean Beef Bowl",Asian,17.95
305,130,2023-01-02,21:14:55,110,"Pork Ramen",Asian,17.95
306,130,2023-01-02,21:14:55,129,"Mushroom Ravioli",Italian,15.50
307,130,2023-01-02,21:14:55,105,"Mac & Cheese",American,7.00
308,131,2023-01-02,21:33:10,104,"Veggie Burger",American,10.50
309,131,2023-01-02,21:33:10,124,Spaghetti,Italian,14.50
310,131,2023-01-02,21:33:10,126,"Fettuccine Alfredo",Italian,14.50
311,131,2023-01-02,21:33:10,123,"Chips & Guacamole",Mexican,9.00
312,132,2023-01-02,21:42:45,113,Edamame,Asian,5.00
313,133,2023-01-02,22:00:17,101,Hamburger,American,12.95
314,133,2023-01-02,22:00:17,109,"Korean Beef Bowl",Asian,17.95
315,133,2023-01-02,22:00:17,114,Potstickers,Asian,9.00
316,134,2023-01-02,22:13:24,107,"Orange Chicken",Asian,16.50
317,134,2023-01-02,22:13:24,105,"Mac & Cheese",American,7.00
318,134,2023-01-02,22:13:24,123,"Chips & Guacamole",Mexican,9.00
319,135,2023-01-02,22:29:34,132,"Eggplant Parmesan",Italian,16.95
320,136,2023-01-02,22:32:49,124,Spaghetti,Italian,14.50
321,136,2023-01-02,22:32:49,118,"Steak Burrito",Mexican,14.95
322,137,2023-01-03,11:34:10,128,"Cheese Lasagna",Italian,15.50
323,137,2023-01-03,11:34:10,113,Edamame,Asian,5.00
324,137,2023-01-03,11:34:10,122,"Chips & Salsa",Mexican,7.00
325,138,2023-01-03,11:44:50,102,Cheeseburger,American,13.95
326,138,2023-01-03,11:44:50,125,"Spaghetti & Meatballs",Italian,17.95
327,138,2023-01-03,11:44:50,127,"Meat Lasagna",Italian,17.95
328,138,2023-01-03,11:44:50,120,"Steak Torta",Mexican,13.95
329,139,2023-01-03,11:57:39,124,Spaghetti,Italian,14.50
330,140,2023-01-03,12:26:44,119,"Chicken Torta",Mexican,11.95
331,140,2023-01-03,12:26:44,132,"Eggplant Parmesan",Italian,16.95
332,141,2023-01-03,13:16:01,108,"Tofu Pad Thai",Asian,14.50
333,142,2023-01-03,13:33:59,126,"Fettuccine Alfredo",Italian,14.50
334,143,2023-01-03,13:41:36,102,Cheeseburger,American,13.95
335,143,2023-01-03,13:41:36,108,"Tofu Pad Thai",Asian,14.50
336,143,2023-01-03,13:41:36,109,"Korean Beef Bowl",Asian,17.95
337,143,2023-01-03,13:41:36,129,"Mushroom Ravioli",Italian,15.50
338,143,2023-01-03,13:41:36,113,Edamame,Asian,5.00
339,143,2023-01-03,13:41:36,119,"Chicken Torta",Mexican,11.95
340,143,2023-01-03,13:41:36,106,"French Fries",American,7.00
341,143,2023-01-03,13:41:36,132,"Eggplant Parmesan",Italian,16.95
342,144,2023-01-03,13:44:28,101,Hamburger,American,12.95
343,144,2023-01-03,13:44:28,107,"Orange Chicken",Asian,16.50
344,144,2023-01-03,13:44:28,102,Cheeseburger,American,13.95
345,144,2023-01-03,13:44:28,104,"Veggie Burger",American,10.50
346,144,2023-01-03,13:44:28,124,Spaghetti,Italian,14.50
347,144,2023-01-03,13:44:28,125,"Spaghetti & Meatballs",Italian,17.95
348,144,2023-01-03,13:44:28,112,"Salmon Roll",Asian,14.95
349,144,2023-01-03,13:44:28,105,"Mac & Cheese",American,7.00
350,144,2023-01-03,13:44:28,105,"Mac & Cheese",American,7.00
351,144,2023-01-03,13:44:28,122,"Chips & Salsa",Mexican,7.00
352,144,2023-01-03,13:44:28,106,"French Fries",American,7.00
353,144,2023-01-03,13:44:28,132,"Eggplant Parmesan",Italian,16.95
354,145,2023-01-03,13:53:48,114,Potstickers,Asian,9.00
355,146,2023-01-03,14:22:10,102,Cheeseburger,American,13.95
356,146,2023-01-03,14:22:10,125,"Spaghetti & Meatballs",Italian,17.95
357,146,2023-01-03,14:22:10,109,"Korean Beef Bowl",Asian,17.95
359,148,2023-01-03,14:40:42,128,"Cheese Lasagna",Italian,15.50
360,149,2023-01-03,14:48:45,131,"Chicken Parmesan",Italian,17.95
361,150,2023-01-03,14:49:58,113,Edamame,Asian,5.00
362,151,2023-01-03,15:09:34,105,"Mac & Cheese",American,7.00
363,151,2023-01-03,15:09:34,123,"Chips & Guacamole",Mexican,9.00
364,152,2023-01-03,15:09:42,109,"Korean Beef Bowl",Asian,17.95
365,152,2023-01-03,15:09:42,131,"Chicken Parmesan",Italian,17.95
366,152,2023-01-03,15:09:42,106,"French Fries",American,7.00
367,152,2023-01-03,15:09:42,114,Potstickers,Asian,9.00
368,153,2023-01-03,15:16:34,129,"Mushroom Ravioli",Italian,15.50
369,154,2023-01-03,15:22:43,119,"Chicken Torta",Mexican,11.95
370,155,2023-01-03,15:28:59,104,"Veggie Burger",American,10.50
371,155,2023-01-03,15:28:59,111,"California Roll",Asian,11.95
372,155,2023-01-03,15:28:59,113,Edamame,Asian,5.00
373,155,2023-01-03,15:28:59,118,"Steak Burrito",Mexican,14.95
374,156,2023-01-03,15:42:19,111,"California Roll",Asian,11.95
375,156,2023-01-03,15:42:19,106,"French Fries",American,7.00
376,157,2023-01-03,15:43:03,117,"Chicken Burrito",Mexican,12.95
377,157,2023-01-03,15:43:03,128,"Cheese Lasagna",Italian,15.50
378,157,2023-01-03,15:43:03,120,"Steak Torta",Mexican,13.95
379,157,2023-01-03,15:43:03,130,"Shrimp Scampi",Italian,19.95
380,158,2023-01-03,15:54:30,127,"Meat Lasagna",Italian,17.95
381,158,2023-01-03,15:54:30,106,"French Fries",American,7.00
382,159,2023-01-03,15:59:22,125,"Spaghetti & Meatballs",Italian,17.95
383,159,2023-01-03,15:59:22,106,"French Fries",American,7.00
384,160,2023-01-03,16:35:33,108,"Tofu Pad Thai",Asian,14.50
385,161,2023-01-03,16:43:46,109,"Korean Beef Bowl",Asian,17.95
386,161,2023-01-03,16:43:46,122,"Chips & Salsa",Mexican,7.00
388,162,2023-01-03,16:51:22,107,"Orange Chicken",Asian,16.50
389,163,2023-01-03,16:54:54,109,"Korean Beef Bowl",Asian,17.95
390,163,2023-01-03,16:54:54,113,Edamame,Asian,5.00
391,163,2023-01-03,16:54:54,114,Potstickers,Asian,9.00
392,164,2023-01-03,16:56:33,102,Cheeseburger,American,13.95
393,164,2023-01-03,16:56:33,113,Edamame,Asian,5.00
394,165,2023-01-03,16:57:37,119,"Chicken Torta",Mexican,11.95
395,166,2023-01-03,16:58:51,119,"Chicken Torta",Mexican,11.95
396,167,2023-01-03,17:00:49,101,Hamburger,American,12.95
397,167,2023-01-03,17:00:49,117,"Chicken Burrito",Mexican,12.95
398,167,2023-01-03,17:00:49,113,Edamame,Asian,5.00
399,168,2023-01-03,17:02:27,107,"Orange Chicken",Asian,16.50
400,168,2023-01-03,17:02:27,132,"Eggplant Parmesan",Italian,16.95
401,169,2023-01-03,17:15:48,125,"Spaghetti & Meatballs",Italian,17.95
402,169,2023-01-03,17:15:48,110,"Pork Ramen",Asian,17.95
403,169,2023-01-03,17:15:48,120,"Steak Torta",Mexican,13.95
404,170,2023-01-03,17:21:31,109,"Korean Beef Bowl",Asian,17.95
405,171,2023-01-03,17:23:03,111,"California Roll",Asian,11.95
406,172,2023-01-03,17:29:24,111,"California Roll",Asian,11.95
407,172,2023-01-03,17:29:24,123,"Chips & Guacamole",Mexican,9.00
408,172,2023-01-03,17:29:24,106,"French Fries",American,7.00
409,173,2023-01-03,17:35:30,102,Cheeseburger,American,13.95
410,173,2023-01-03,17:35:30,108,"Tofu Pad Thai",Asian,14.50
411,173,2023-01-03,17:35:30,132,"Eggplant Parmesan",Italian,16.95
412,174,2023-01-03,17:37:49,107,"Orange Chicken",Asian,16.50
413,174,2023-01-03,17:37:49,102,Cheeseburger,American,13.95
414,174,2023-01-03,17:37:49,102,Cheeseburger,American,13.95
415,174,2023-01-03,17:37:49,110,"Pork Ramen",Asian,17.95
416,175,2023-01-03,17:50:51,117,"Chicken Burrito",Mexican,12.95
417,176,2023-01-03,17:51:57,102,Cheeseburger,American,13.95
418,176,2023-01-03,17:51:57,118,"Steak Burrito",Mexican,14.95
419,177,2023-01-03,17:54:36,111,"California Roll",Asian,11.95
420,177,2023-01-03,17:54:36,106,"French Fries",American,7.00
421,178,2023-01-03,18:15:03,118,"Steak Burrito",Mexican,14.95
422,179,2023-01-03,18:20:14,109,"Korean Beef Bowl",Asian,17.95
423,179,2023-01-03,18:20:14,120,"Steak Torta",Mexican,13.95
424,179,2023-01-03,18:20:14,132,"Eggplant Parmesan",Italian,16.95
425,180,2023-01-03,18:33:34,108,"Tofu Pad Thai",Asian,14.50
426,180,2023-01-03,18:33:34,119,"Chicken Torta",Mexican,11.95
427,181,2023-01-03,18:49:32,129,"Mushroom Ravioli",Italian,15.50
428,182,2023-01-03,18:50:10,115,"Chicken Tacos",Mexican,11.95
429,182,2023-01-03,18:50:10,118,"Steak Burrito",Mexican,14.95
430,183,2023-01-03,18:54:55,111,"California Roll",Asian,11.95
431,183,2023-01-03,18:54:55,130,"Shrimp Scampi",Italian,19.95
432,183,2023-01-03,18:54:55,130,"Shrimp Scampi",Italian,19.95
433,184,2023-01-03,18:59:05,109,"Korean Beef Bowl",Asian,17.95
434,185,2023-01-03,19:08:33,120,"Steak Torta",Mexican,13.95
435,185,2023-01-03,19:08:33,130,"Shrimp Scampi",Italian,19.95
436,186,2023-01-03,19:36:00,129,"Mushroom Ravioli",Italian,15.50
437,186,2023-01-03,19:36:00,105,"Mac & Cheese",American,7.00
438,186,2023-01-03,19:36:00,130,"Shrimp Scampi",Italian,19.95
439,186,2023-01-03,19:36:00,106,"French Fries",American,7.00
440,187,2023-01-03,19:37:12,124,Spaghetti,Italian,14.50
441,187,2023-01-03,19:37:12,130,"Shrimp Scampi",Italian,19.95
442,188,2023-01-03,20:08:39,124,Spaghetti,Italian,14.50
443,188,2023-01-03,20:08:39,113,Edamame,Asian,5.00
444,188,2023-01-03,20:08:39,118,"Steak Burrito",Mexican,14.95
445,189,2023-01-03,20:12:14,107,"Orange Chicken",Asian,16.50
446,189,2023-01-03,20:12:14,106,"French Fries",American,7.00
447,190,2023-01-03,20:14:23,101,Hamburger,American,12.95
448,190,2023-01-03,20:14:23,125,"Spaghetti & Meatballs",Italian,17.95
449,190,2023-01-03,20:14:23,112,"Salmon Roll",Asian,14.95
450,190,2023-01-03,20:14:23,119,"Chicken Torta",Mexican,11.95
451,191,2023-01-03,20:24:50,102,Cheeseburger,American,13.95
452,191,2023-01-03,20:24:50,103,"Hot Dog",American,9.00
453,192,2023-01-03,20:30:08,120,"Steak Torta",Mexican,13.95
454,192,2023-01-03,20:30:08,105,"Mac & Cheese",American,7.00
455,193,2023-01-03,20:55:47,107,"Orange Chicken",Asian,16.50
456,193,2023-01-03,20:55:47,102,Cheeseburger,American,13.95
457,193,2023-01-03,20:55:47,103,"Hot Dog",American,9.00
458,194,2023-01-03,21:21:24,101,Hamburger,American,12.95
459,195,2023-01-03,21:25:20,101,Hamburger,American,12.95
460,196,2023-01-03,21:40:14,120,"Steak Torta",Mexican,13.95
461,196,2023-01-03,21:40:14,122,"Chips & Salsa",Mexican,7.00
462,196,2023-01-03,21:40:14,132,"Eggplant Parmesan",Italian,16.95
463,197,2023-01-03,21:47:48,125,"Spaghetti & Meatballs",Italian,17.95
464,197,2023-01-03,21:47:48,110,"Pork Ramen",Asian,17.95
465,197,2023-01-03,21:47:48,127,"Meat Lasagna",Italian,17.95
466,197,2023-01-03,21:47:48,121,"Cheese Quesadillas",Mexican,10.50
467,198,2023-01-03,21:55:42,107,"Orange Chicken",Asian,16.50
468,198,2023-01-03,21:55:42,103,"Hot Dog",American,9.00
469,199,2023-01-03,22:10:38,103,"Hot Dog",American,9.00
471,201,2023-01-03,22:29:59,116,"Steak Tacos",Mexican,13.95
472,201,2023-01-03,22:29:59,104,"Veggie Burger",American,10.50
473,201,2023-01-03,22:29:59,117,"Chicken Burrito",Mexican,12.95
475,202,2023-01-03,22:50:29,102,Cheeseburger,American,13.95
476,203,2023-01-04,11:30:48,102,Cheeseburger,American,13.95
477,203,2023-01-04,11:30:48,127,"Meat Lasagna",Italian,17.95
478,203,2023-01-04,11:30:48,112,"Salmon Roll",Asian,14.95
479,203,2023-01-04,11:30:48,114,Potstickers,Asian,9.00
480,204,2023-01-04,11:36:25,122,"Chips & Salsa",Mexican,7.00
481,205,2023-01-04,11:43:54,102,Cheeseburger,American,13.95
482,205,2023-01-04,11:43:54,103,"Hot Dog",American,9.00
483,205,2023-01-04,11:43:54,119,"Chicken Torta",Mexican,11.95
484,206,2023-01-04,11:45:10,111,"California Roll",Asian,11.95
485,206,2023-01-04,11:45:10,113,Edamame,Asian,5.00
486,206,2023-01-04,11:45:10,122,"Chips & Salsa",Mexican,7.00
487,207,2023-01-04,12:03:58,122,"Chips & Salsa",Mexican,7.00
488,208,2023-01-04,12:12:05,101,Hamburger,American,12.95
489,208,2023-01-04,12:12:05,101,Hamburger,American,12.95
490,208,2023-01-04,12:12:05,103,"Hot Dog",American,9.00
491,208,2023-01-04,12:12:05,113,Edamame,Asian,5.00
492,208,2023-01-04,12:12:05,114,Potstickers,Asian,9.00
493,209,2023-01-04,12:29:17,102,Cheeseburger,American,13.95
494,210,2023-01-04,12:34:13,131,"Chicken Parmesan",Italian,17.95
495,211,2023-01-04,12:54:20,113,Edamame,Asian,5.00
496,212,2023-01-04,13:16:03,110,"Pork Ramen",Asian,17.95
497,213,2023-01-04,13:20:39,125,"Spaghetti & Meatballs",Italian,17.95
498,214,2023-01-04,13:39:16,110,"Pork Ramen",Asian,17.95
499,214,2023-01-04,13:39:16,117,"Chicken Burrito",Mexican,12.95
500,214,2023-01-04,13:39:16,129,"Mushroom Ravioli",Italian,15.50
501,214,2023-01-04,13:39:16,130,"Shrimp Scampi",Italian,19.95
502,215,2023-01-04,13:44:49,126,"Fettuccine Alfredo",Italian,14.50
503,216,2023-01-04,14:31:56,101,Hamburger,American,12.95
504,216,2023-01-04,14:31:56,124,Spaghetti,Italian,14.50
505,216,2023-01-04,14:31:56,109,"Korean Beef Bowl",Asian,17.95
506,217,2023-01-04,14:35:03,108,"Tofu Pad Thai",Asian,14.50
507,217,2023-01-04,14:35:03,131,"Chicken Parmesan",Italian,17.95
508,218,2023-01-04,14:35:11,122,"Chips & Salsa",Mexican,7.00
509,219,2023-01-04,14:42:01,101,Hamburger,American,12.95
510,219,2023-01-04,14:42:01,124,Spaghetti,Italian,14.50
511,219,2023-01-04,14:42:01,118,"Steak Burrito",Mexican,14.95
512,219,2023-01-04,14:42:01,131,"Chicken Parmesan",Italian,17.95
513,220,2023-01-04,15:31:59,109,"Korean Beef Bowl",Asian,17.95
514,220,2023-01-04,15:31:59,110,"Pork Ramen",Asian,17.95
515,220,2023-01-04,15:31:59,111,"California Roll",Asian,11.95
516,220,2023-01-04,15:31:59,122,"Chips & Salsa",Mexican,7.00
517,221,2023-01-04,15:33:18,124,Spaghetti,Italian,14.50
518,221,2023-01-04,15:33:18,119,"Chicken Torta",Mexican,11.95
519,221,2023-01-04,15:33:18,114,Potstickers,Asian,9.00
520,222,2023-01-04,15:46:38,125,"Spaghetti & Meatballs",Italian,17.95
521,222,2023-01-04,15:46:38,120,"Steak Torta",Mexican,13.95
522,223,2023-01-04,16:08:20,112,"Salmon Roll",Asian,14.95
523,224,2023-01-04,16:39:58,103,"Hot Dog",American,9.00
524,224,2023-01-04,16:39:58,117,"Chicken Burrito",Mexican,12.95
525,224,2023-01-04,16:39:58,111,"California Roll",Asian,11.95
526,224,2023-01-04,16:39:58,106,"French Fries",American,7.00
527,225,2023-01-04,16:41:48,101,Hamburger,American,12.95
528,225,2023-01-04,16:41:48,101,Hamburger,American,12.95
529,225,2023-01-04,16:41:48,105,"Mac & Cheese",American,7.00
530,226,2023-01-04,16:59:39,108,"Tofu Pad Thai",Asian,14.50
531,227,2023-01-04,17:24:39,101,Hamburger,American,12.95
532,227,2023-01-04,17:24:39,114,Potstickers,Asian,9.00
533,228,2023-01-04,17:31:24,127,"Meat Lasagna",Italian,17.95
534,229,2023-01-04,17:37:57,127,"Meat Lasagna",Italian,17.95
535,229,2023-01-04,17:37:57,119,"Chicken Torta",Mexican,11.95
536,229,2023-01-04,17:37:57,130,"Shrimp Scampi",Italian,19.95
537,230,2023-01-04,17:58:38,106,"French Fries",American,7.00
538,231,2023-01-04,18:04:18,102,Cheeseburger,American,13.95
539,231,2023-01-04,18:04:18,111,"California Roll",Asian,11.95
540,231,2023-01-04,18:04:18,119,"Chicken Torta",Mexican,11.95
541,232,2023-01-04,18:21:59,101,Hamburger,American,12.95
542,232,2023-01-04,18:21:59,123,"Chips & Guacamole",Mexican,9.00
543,233,2023-01-04,18:26:51,131,"Chicken Parmesan",Italian,17.95
544,234,2023-01-04,18:36:09,103,"Hot Dog",American,9.00
545,234,2023-01-04,18:36:09,117,"Chicken Burrito",Mexican,12.95
546,234,2023-01-04,18:36:09,111,"California Roll",Asian,11.95
547,235,2023-01-04,18:51:30,102,Cheeseburger,American,13.95
548,236,2023-01-04,19:21:04,108,"Tofu Pad Thai",Asian,14.50
549,236,2023-01-04,19:21:04,126,"Fettuccine Alfredo",Italian,14.50
550,237,2023-01-04,19:27:48,126,"Fettuccine Alfredo",Italian,14.50
551,238,2023-01-04,19:45:15,130,"Shrimp Scampi",Italian,19.95
552,239,2023-01-04,19:57:52,117,"Chicken Burrito",Mexican,12.95
553,239,2023-01-04,19:57:52,106,"French Fries",American,7.00
554,240,2023-01-04,20:10:24,125,"Spaghetti & Meatballs",Italian,17.95
555,241,2023-01-04,20:11:25,120,"Steak Torta",Mexican,13.95
556,241,2023-01-04,20:11:25,123,"Chips & Guacamole",Mexican,9.00
557,242,2023-01-04,20:15:29,116,"Steak Tacos",Mexican,13.95
558,242,2023-01-04,20:15:29,106,"French Fries",American,7.00
559,242,2023-01-04,20:15:29,132,"Eggplant Parmesan",Italian,16.95
560,243,2023-01-04,20:26:17,108,"Tofu Pad Thai",Asian,14.50
561,243,2023-01-04,20:26:17,123,"Chips & Guacamole",Mexican,9.00
562,244,2023-01-04,20:26:22,117,"Chicken Burrito",Mexican,12.95
563,244,2023-01-04,20:26:22,122,"Chips & Salsa",Mexican,7.00
564,245,2023-01-04,20:28:41,101,Hamburger,American,12.95
565,245,2023-01-04,20:28:41,104,"Veggie Burger",American,10.50
566,246,2023-01-04,20:30:48,103,"Hot Dog",American,9.00
567,246,2023-01-04,20:30:48,113,Edamame,Asian,5.00
568,247,2023-01-04,20:55:29,109,"Korean Beef Bowl",Asian,17.95
569,247,2023-01-04,20:55:29,120,"Steak Torta",Mexican,13.95
570,247,2023-01-04,20:55:29,123,"Chips & Guacamole",Mexican,9.00
571,248,2023-01-04,20:58:19,109,"Korean Beef Bowl",Asian,17.95
572,248,2023-01-04,20:58:19,106,"French Fries",American,7.00
573,249,2023-01-04,21:06:16,101,Hamburger,American,12.95
574,249,2023-01-04,21:06:16,116,"Steak Tacos",Mexican,13.95
575,250,2023-01-04,21:07:05,125,"Spaghetti & Meatballs",Italian,17.95
576,251,2023-01-04,21:10:05,129,"Mushroom Ravioli",Italian,15.50
577,252,2023-01-04,22:13:15,119,"Chicken Torta",Mexican,11.95
578,253,2023-01-04,22:16:18,115,"Chicken Tacos",Mexican,11.95
579,254,2023-01-04,22:22:13,101,Hamburger,American,12.95
580,254,2023-01-04,22:22:13,115,"Chicken Tacos",Mexican,11.95
581,254,2023-01-04,22:22:13,124,Spaghetti,Italian,14.50
582,255,2023-01-05,11:23:35,124,Spaghetti,Italian,14.50
583,255,2023-01-05,11:23:35,126,"Fettuccine Alfredo",Italian,14.50
584,255,2023-01-05,11:23:35,109,"Korean Beef Bowl",Asian,17.95
585,255,2023-01-05,11:23:35,131,"Chicken Parmesan",Italian,17.95
586,256,2023-01-05,11:56:06,112,"Salmon Roll",Asian,14.95
587,257,2023-01-05,11:59:04,102,Cheeseburger,American,13.95
588,257,2023-01-05,11:59:04,103,"Hot Dog",American,9.00
589,258,2023-01-05,11:59:23,108,"Tofu Pad Thai",Asian,14.50
590,259,2023-01-05,12:04:25,113,Edamame,Asian,5.00
591,260,2023-01-05,12:06:27,124,Spaghetti,Italian,14.50
592,260,2023-01-05,12:06:27,114,Potstickers,Asian,9.00
593,261,2023-01-05,12:38:29,115,"Chicken Tacos",Mexican,11.95
594,262,2023-01-05,12:42:01,102,Cheeseburger,American,13.95
595,263,2023-01-05,12:57:22,130,"Shrimp Scampi",Italian,19.95
596,264,2023-01-05,13:03:59,129,"Mushroom Ravioli",Italian,15.50
597,265,2023-01-05,13:04:42,103,"Hot Dog",American,9.00
598,265,2023-01-05,13:04:42,129,"Mushroom Ravioli",Italian,15.50
599,265,2023-01-05,13:04:42,120,"Steak Torta",Mexican,13.95
600,265,2023-01-05,13:04:42,122,"Chips & Salsa",Mexican,7.00
601,266,2023-01-05,13:09:29,118,"Steak Burrito",Mexican,14.95
602,267,2023-01-05,13:37:50,125,"Spaghetti & Meatballs",Italian,17.95
603,267,2023-01-05,13:37:50,128,"Cheese Lasagna",Italian,15.50
604,267,2023-01-05,13:37:50,111,"California Roll",Asian,11.95
605,268,2023-01-05,13:40:46,117,"Chicken Burrito",Mexican,12.95
606,268,2023-01-05,13:40:46,113,Edamame,Asian,5.00
607,269,2023-01-05,13:49:34,103,"Hot Dog",American,9.00
608,270,2023-01-05,14:09:02,105,"Mac & Cheese",American,7.00
609,270,2023-01-05,14:09:02,130,"Shrimp Scampi",Italian,19.95
610,270,2023-01-05,14:09:02,106,"French Fries",American,7.00
611,271,2023-01-05,14:22:19,107,"Orange Chicken",Asian,16.50
612,271,2023-01-05,14:22:19,102,Cheeseburger,American,13.95
613,271,2023-01-05,14:22:19,103,"Hot Dog",American,9.00
614,271,2023-01-05,14:22:19,104,"Veggie Burger",American,10.50
615,271,2023-01-05,14:22:19,108,"Tofu Pad Thai",Asian,14.50
616,271,2023-01-05,14:22:19,117,"Chicken Burrito",Mexican,12.95
617,271,2023-01-05,14:22:19,120,"Steak Torta",Mexican,13.95
618,271,2023-01-05,14:22:19,121,"Cheese Quesadillas",Mexican,10.50
619,271,2023-01-05,14:22:19,105,"Mac & Cheese",American,7.00
620,271,2023-01-05,14:22:19,114,Potstickers,Asian,9.00
621,272,2023-01-05,14:24:05,117,"Chicken Burrito",Mexican,12.95
622,273,2023-01-05,14:28:00,121,"Cheese Quesadillas",Mexican,10.50
623,274,2023-01-05,14:36:33,125,"Spaghetti & Meatballs",Italian,17.95
624,274,2023-01-05,14:36:33,106,"French Fries",American,7.00
625,275,2023-01-05,14:38:14,108,"Tofu Pad Thai",Asian,14.50
626,275,2023-01-05,14:38:14,124,Spaghetti,Italian,14.50
627,275,2023-01-05,14:38:14,113,Edamame,Asian,5.00
628,275,2023-01-05,14:38:14,120,"Steak Torta",Mexican,13.95
629,276,2023-01-05,15:18:18,124,Spaghetti,Italian,14.50
630,276,2023-01-05,15:18:18,122,"Chips & Salsa",Mexican,7.00
631,277,2023-01-05,15:41:50,125,"Spaghetti & Meatballs",Italian,17.95
632,278,2023-01-05,15:49:21,127,"Meat Lasagna",Italian,17.95
633,278,2023-01-05,15:49:21,105,"Mac & Cheese",American,7.00
634,279,2023-01-05,16:07:03,102,Cheeseburger,American,13.95
635,279,2023-01-05,16:07:03,103,"Hot Dog",American,9.00
636,280,2023-01-05,16:20:23,119,"Chicken Torta",Mexican,11.95
637,280,2023-01-05,16:20:23,132,"Eggplant Parmesan",Italian,16.95
638,281,2023-01-05,16:33:48,120,"Steak Torta",Mexican,13.95
639,282,2023-01-05,16:49:38,108,"Tofu Pad Thai",Asian,14.50
640,282,2023-01-05,16:49:38,124,Spaghetti,Italian,14.50
641,282,2023-01-05,16:49:38,118,"Steak Burrito",Mexican,14.95
642,282,2023-01-05,16:49:38,130,"Shrimp Scampi",Italian,19.95
643,283,2023-01-05,16:51:43,111,"California Roll",Asian,11.95
644,284,2023-01-05,16:58:16,125,"Spaghetti & Meatballs",Italian,17.95
645,284,2023-01-05,16:58:16,109,"Korean Beef Bowl",Asian,17.95
646,284,2023-01-05,16:58:16,111,"California Roll",Asian,11.95
647,285,2023-01-05,16:58:38,119,"Chicken Torta",Mexican,11.95
648,286,2023-01-05,17:01:23,117,"Chicken Burrito",Mexican,12.95
649,286,2023-01-05,17:01:23,118,"Steak Burrito",Mexican,14.95
650,287,2023-01-05,17:30:09,117,"Chicken Burrito",Mexican,12.95
651,287,2023-01-05,17:30:09,112,"Salmon Roll",Asian,14.95
652,287,2023-01-05,17:30:09,113,Edamame,Asian,5.00
653,287,2023-01-05,17:30:09,120,"Steak Torta",Mexican,13.95
654,288,2023-01-05,17:32:44,115,"Chicken Tacos",Mexican,11.95
655,288,2023-01-05,17:32:44,119,"Chicken Torta",Mexican,11.95
656,288,2023-01-05,17:32:44,123,"Chips & Guacamole",Mexican,9.00
657,289,2023-01-05,17:36:23,124,Spaghetti,Italian,14.50
658,290,2023-01-05,17:41:16,108,"Tofu Pad Thai",Asian,14.50
659,290,2023-01-05,17:41:16,132,"Eggplant Parmesan",Italian,16.95
660,291,2023-01-05,17:44:39,101,Hamburger,American,12.95
661,291,2023-01-05,17:44:39,103,"Hot Dog",American,9.00
662,291,2023-01-05,17:44:39,125,"Spaghetti & Meatballs",Italian,17.95
663,292,2023-01-05,17:48:59,130,"Shrimp Scampi",Italian,19.95
664,292,2023-01-05,17:48:59,131,"Chicken Parmesan",Italian,17.95
665,293,2023-01-05,17:58:38,108,"Tofu Pad Thai",Asian,14.50
666,293,2023-01-05,17:58:38,127,"Meat Lasagna",Italian,17.95
667,294,2023-01-05,18:16:35,101,Hamburger,American,12.95
668,294,2023-01-05,18:16:35,117,"Chicken Burrito",Mexican,12.95
669,294,2023-01-05,18:16:35,106,"French Fries",American,7.00
670,295,2023-01-05,18:20:12,102,Cheeseburger,American,13.95
671,296,2023-01-05,18:46:54,126,"Fettuccine Alfredo",Italian,14.50
672,296,2023-01-05,18:46:54,110,"Pork Ramen",Asian,17.95
673,296,2023-01-05,18:46:54,106,"French Fries",American,7.00
674,297,2023-01-05,19:02:18,105,"Mac & Cheese",American,7.00
675,298,2023-01-05,19:10:36,102,Cheeseburger,American,13.95
676,298,2023-01-05,19:10:36,102,Cheeseburger,American,13.95
677,298,2023-01-05,19:10:36,103,"Hot Dog",American,9.00
678,298,2023-01-05,19:10:36,108,"Tofu Pad Thai",Asian,14.50
679,299,2023-01-05,19:34:31,108,"Tofu Pad Thai",Asian,14.50
680,299,2023-01-05,19:34:31,131,"Chicken Parmesan",Italian,17.95
681,300,2023-01-05,19:42:54,107,"Orange Chicken",Asian,16.50
682,300,2023-01-05,19:42:54,110,"Pork Ramen",Asian,17.95
683,300,2023-01-05,19:42:54,127,"Meat Lasagna",Italian,17.95
684,300,2023-01-05,19:42:54,123,"Chips & Guacamole",Mexican,9.00
685,301,2023-01-05,19:45:58,111,"California Roll",Asian,11.95
686,302,2023-01-05,19:57:37,118,"Steak Burrito",Mexican,14.95
687,303,2023-01-05,20:02:51,107,"Orange Chicken",Asian,16.50
688,303,2023-01-05,20:02:51,110,"Pork Ramen",Asian,17.95
689,303,2023-01-05,20:02:51,113,Edamame,Asian,5.00
690,304,2023-01-05,20:07:58,109,"Korean Beef Bowl",Asian,17.95
691,304,2023-01-05,20:07:58,129,"Mushroom Ravioli",Italian,15.50
692,305,2023-01-05,20:35:40,113,Edamame,Asian,5.00
693,305,2023-01-05,20:35:40,120,"Steak Torta",Mexican,13.95
694,305,2023-01-05,20:35:40,122,"Chips & Salsa",Mexican,7.00
695,306,2023-01-05,20:37:40,107,"Orange Chicken",Asian,16.50
696,306,2023-01-05,20:37:40,109,"Korean Beef Bowl",Asian,17.95
697,306,2023-01-05,20:37:40,111,"California Roll",Asian,11.95
698,307,2023-01-05,21:45:38,108,"Tofu Pad Thai",Asian,14.50
699,307,2023-01-05,21:45:38,106,"French Fries",American,7.00
700,308,2023-01-05,21:59:46,109,"Korean Beef Bowl",Asian,17.95
701,308,2023-01-05,21:59:46,112,"Salmon Roll",Asian,14.95
702,308,2023-01-05,21:59:46,106,"French Fries",American,7.00
703,309,2023-01-06,11:39:06,124,Spaghetti,Italian,14.50
704,309,2023-01-06,11:39:06,118,"Steak Burrito",Mexican,14.95
705,310,2023-01-06,11:40:48,109,"Korean Beef Bowl",Asian,17.95
706,310,2023-01-06,11:40:48,106,"French Fries",American,7.00
707,311,2023-01-06,11:57:27,120,"Steak Torta",Mexican,13.95
708,312,2023-01-06,12:05:21,107,"Orange Chicken",Asian,16.50
709,312,2023-01-06,12:05:21,115,"Chicken Tacos",Mexican,11.95
710,312,2023-01-06,12:05:21,103,"Hot Dog",American,9.00
711,312,2023-01-06,12:05:21,120,"Steak Torta",Mexican,13.95
712,313,2023-01-06,12:09:09,108,"Tofu Pad Thai",Asian,14.50
713,314,2023-01-06,12:11:58,116,"Steak Tacos",Mexican,13.95
714,314,2023-01-06,12:11:58,124,Spaghetti,Italian,14.50
715,314,2023-01-06,12:11:58,126,"Fettuccine Alfredo",Italian,14.50
716,314,2023-01-06,12:11:58,109,"Korean Beef Bowl",Asian,17.95
717,314,2023-01-06,12:11:58,132,"Eggplant Parmesan",Italian,16.95
718,315,2023-01-06,12:17:40,108,"Tofu Pad Thai",Asian,14.50
719,316,2023-01-06,12:29:34,109,"Korean Beef Bowl",Asian,17.95
720,316,2023-01-06,12:29:34,117,"Chicken Burrito",Mexican,12.95
721,317,2023-01-06,12:31:00,102,Cheeseburger,American,13.95
722,317,2023-01-06,12:31:00,108,"Tofu Pad Thai",Asian,14.50
723,317,2023-01-06,12:31:00,125,"Spaghetti & Meatballs",Italian,17.95
724,317,2023-01-06,12:31:00,109,"Korean Beef Bowl",Asian,17.95
725,317,2023-01-06,12:31:00,112,"Salmon Roll",Asian,14.95
726,317,2023-01-06,12:31:00,119,"Chicken Torta",Mexican,11.95
727,317,2023-01-06,12:31:00,131,"Chicken Parmesan",Italian,17.95
728,318,2023-01-06,12:45:14,110,"Pork Ramen",Asian,17.95
729,318,2023-01-06,12:45:14,129,"Mushroom Ravioli",Italian,15.50
730,318,2023-01-06,12:45:14,121,"Cheese Quesadillas",Mexican,10.50
731,318,2023-01-06,12:45:14,122,"Chips & Salsa",Mexican,7.00
732,319,2023-01-06,12:46:22,117,"Chicken Burrito",Mexican,12.95
733,320,2023-01-06,12:46:40,102,Cheeseburger,American,13.95
734,320,2023-01-06,12:46:40,104,"Veggie Burger",American,10.50
735,321,2023-01-06,12:56:21,117,"Chicken Burrito",Mexican,12.95
736,322,2023-01-06,13:02:13,102,Cheeseburger,American,13.95
737,322,2023-01-06,13:02:13,104,"Veggie Burger",American,10.50
738,322,2023-01-06,13:02:13,108,"Tofu Pad Thai",Asian,14.50
739,322,2023-01-06,13:02:13,106,"French Fries",American,7.00
740,323,2023-01-06,13:05:33,108,"Tofu Pad Thai",Asian,14.50
741,324,2023-01-06,13:06:44,124,Spaghetti,Italian,14.50
742,325,2023-01-06,13:07:32,108,"Tofu Pad Thai",Asian,14.50
743,325,2023-01-06,13:07:32,132,"Eggplant Parmesan",Italian,16.95
744,326,2023-01-06,13:10:13,102,Cheeseburger,American,13.95
745,326,2023-01-06,13:10:13,123,"Chips & Guacamole",Mexican,9.00
746,327,2023-01-06,13:10:54,108,"Tofu Pad Thai",Asian,14.50
747,328,2023-01-06,13:16:35,128,"Cheese Lasagna",Italian,15.50
748,329,2023-01-06,13:22:44,122,"Chips & Salsa",Mexican,7.00
749,329,2023-01-06,13:22:44,123,"Chips & Guacamole",Mexican,9.00
750,330,2023-01-06,13:27:11,107,"Orange Chicken",Asian,16.50
751,330,2023-01-06,13:27:11,103,"Hot Dog",American,9.00
752,330,2023-01-06,13:27:11,108,"Tofu Pad Thai",Asian,14.50
753,330,2023-01-06,13:27:11,108,"Tofu Pad Thai",Asian,14.50
754,330,2023-01-06,13:27:11,124,Spaghetti,Italian,14.50
755,330,2023-01-06,13:27:11,125,"Spaghetti & Meatballs",Italian,17.95
756,330,2023-01-06,13:27:11,109,"Korean Beef Bowl",Asian,17.95
757,330,2023-01-06,13:27:11,112,"Salmon Roll",Asian,14.95
758,330,2023-01-06,13:27:11,118,"Steak Burrito",Mexican,14.95
759,330,2023-01-06,13:27:11,120,"Steak Torta",Mexican,13.95
760,330,2023-01-06,13:27:11,122,"Chips & Salsa",Mexican,7.00
761,330,2023-01-06,13:27:11,122,"Chips & Salsa",Mexican,7.00
762,330,2023-01-06,13:27:11,131,"Chicken Parmesan",Italian,17.95
763,330,2023-01-06,13:27:11,114,Potstickers,Asian,9.00
764,331,2023-01-06,13:43:30,119,"Chicken Torta",Mexican,11.95
765,332,2023-01-06,14:12:01,120,"Steak Torta",Mexican,13.95
766,332,2023-01-06,14:12:01,105,"Mac & Cheese",American,7.00
767,332,2023-01-06,14:12:01,106,"French Fries",American,7.00
768,333,2023-01-06,14:16:36,103,"Hot Dog",American,9.00
769,334,2023-01-06,14:24:18,116,"Steak Tacos",Mexican,13.95
770,334,2023-01-06,14:24:18,113,Edamame,Asian,5.00
771,334,2023-01-06,14:24:18,105,"Mac & Cheese",American,7.00
772,334,2023-01-06,14:24:18,106,"French Fries",American,7.00
773,335,2023-01-06,14:24:47,128,"Cheese Lasagna",Italian,15.50
774,336,2023-01-06,14:51:41,119,"Chicken Torta",Mexican,11.95
775,337,2023-01-06,15:03:12,109,"Korean Beef Bowl",Asian,17.95
776,337,2023-01-06,15:03:12,113,Edamame,Asian,5.00
777,338,2023-01-06,15:18:26,129,"Mushroom Ravioli",Italian,15.50
778,338,2023-01-06,15:18:26,106,"French Fries",American,7.00
780,339,2023-01-06,15:25:13,122,"Chips & Salsa",Mexican,7.00
781,340,2023-01-06,15:35:32,118,"Steak Burrito",Mexican,14.95
782,341,2023-01-06,15:35:47,101,Hamburger,American,12.95
783,341,2023-01-06,15:35:47,113,Edamame,Asian,5.00
784,342,2023-01-06,15:44:12,120,"Steak Torta",Mexican,13.95
785,342,2023-01-06,15:44:12,105,"Mac & Cheese",American,7.00
786,343,2023-01-06,15:45:37,124,Spaghetti,Italian,14.50
787,343,2023-01-06,15:45:37,125,"Spaghetti & Meatballs",Italian,17.95
788,344,2023-01-06,16:01:11,110,"Pork Ramen",Asian,17.95
789,345,2023-01-06,16:01:47,118,"Steak Burrito",Mexican,14.95
790,345,2023-01-06,16:01:47,131,"Chicken Parmesan",Italian,17.95
791,346,2023-01-06,16:30:00,126,"Fettuccine Alfredo",Italian,14.50
792,346,2023-01-06,16:30:00,109,"Korean Beef Bowl",Asian,17.95
793,346,2023-01-06,16:30:00,110,"Pork Ramen",Asian,17.95
794,346,2023-01-06,16:30:00,111,"California Roll",Asian,11.95
795,347,2023-01-06,16:37:17,131,"Chicken Parmesan",Italian,17.95
796,347,2023-01-06,16:37:17,106,"French Fries",American,7.00
797,347,2023-01-06,16:37:17,132,"Eggplant Parmesan",Italian,16.95
798,348,2023-01-06,16:49:12,108,"Tofu Pad Thai",Asian,14.50
799,348,2023-01-06,16:49:12,106,"French Fries",American,7.00
800,348,2023-01-06,16:49:12,106,"French Fries",American,7.00
801,349,2023-01-06,17:25:58,113,Edamame,Asian,5.00
802,350,2023-01-06,17:37:05,108,"Tofu Pad Thai",Asian,14.50
803,350,2023-01-06,17:37:05,113,Edamame,Asian,5.00
804,350,2023-01-06,17:37:05,122,"Chips & Salsa",Mexican,7.00
805,351,2023-01-06,17:37:29,107,"Orange Chicken",Asian,16.50
806,351,2023-01-06,17:37:29,109,"Korean Beef Bowl",Asian,17.95
807,352,2023-01-06,17:45:48,107,"Orange Chicken",Asian,16.50
808,352,2023-01-06,17:45:48,110,"Pork Ramen",Asian,17.95
809,353,2023-01-06,17:59:48,101,Hamburger,American,12.95
810,353,2023-01-06,17:59:48,102,Cheeseburger,American,13.95
811,353,2023-01-06,17:59:48,119,"Chicken Torta",Mexican,11.95
812,354,2023-01-06,18:01:44,126,"Fettuccine Alfredo",Italian,14.50
813,354,2023-01-06,18:01:44,132,"Eggplant Parmesan",Italian,16.95
814,355,2023-01-06,18:14:45,103,"Hot Dog",American,9.00
815,355,2023-01-06,18:14:45,117,"Chicken Burrito",Mexican,12.95
816,356,2023-01-06,18:16:05,103,"Hot Dog",American,9.00
817,357,2023-01-06,18:27:58,102,Cheeseburger,American,13.95
818,357,2023-01-06,18:27:58,105,"Mac & Cheese",American,7.00
819,357,2023-01-06,18:27:58,131,"Chicken Parmesan",Italian,17.95
820,358,2023-01-06,18:30:12,117,"Chicken Burrito",Mexican,12.95
821,359,2023-01-06,18:33:08,126,"Fettuccine Alfredo",Italian,14.50
822,359,2023-01-06,18:33:08,106,"French Fries",American,7.00
823,360,2023-01-06,18:50:38,101,Hamburger,American,12.95
824,360,2023-01-06,18:50:38,126,"Fettuccine Alfredo",Italian,14.50
825,360,2023-01-06,18:50:38,109,"Korean Beef Bowl",Asian,17.95
826,361,2023-01-06,19:12:38,107,"Orange Chicken",Asian,16.50
827,361,2023-01-06,19:12:38,110,"Pork Ramen",Asian,17.95
828,362,2023-01-06,19:13:36,101,Hamburger,American,12.95
829,362,2023-01-06,19:13:36,129,"Mushroom Ravioli",Italian,15.50
830,363,2023-01-06,19:20:31,128,"Cheese Lasagna",Italian,15.50
831,363,2023-01-06,19:20:31,129,"Mushroom Ravioli",Italian,15.50
832,364,2023-01-06,19:27:24,117,"Chicken Burrito",Mexican,12.95
834,365,2023-01-06,19:37:26,125,"Spaghetti & Meatballs",Italian,17.95
835,365,2023-01-06,19:37:26,128,"Cheese Lasagna",Italian,15.50
836,365,2023-01-06,19:37:26,113,Edamame,Asian,5.00
837,366,2023-01-06,20:04:20,110,"Pork Ramen",Asian,17.95
838,367,2023-01-06,20:05:12,109,"Korean Beef Bowl",Asian,17.95
839,367,2023-01-06,20:05:12,131,"Chicken Parmesan",Italian,17.95
840,368,2023-01-06,20:28:16,130,"Shrimp Scampi",Italian,19.95
841,368,2023-01-06,20:28:16,106,"French Fries",American,7.00
842,369,2023-01-06,20:30:06,131,"Chicken Parmesan",Italian,17.95
843,370,2023-01-06,21:02:30,125,"Spaghetti & Meatballs",Italian,17.95
844,370,2023-01-06,21:02:30,109,"Korean Beef Bowl",Asian,17.95
845,371,2023-01-06,21:15:20,113,Edamame,Asian,5.00
846,372,2023-01-06,22:26:59,131,"Chicken Parmesan",Italian,17.95
847,373,2023-01-07,11:45:18,104,"Veggie Burger",American,10.50
848,373,2023-01-07,11:45:18,108,"Tofu Pad Thai",Asian,14.50
849,373,2023-01-07,11:45:18,120,"Steak Torta",Mexican,13.95
850,374,2023-01-07,11:55:59,107,"Orange Chicken",Asian,16.50
851,374,2023-01-07,11:55:59,103,"Hot Dog",American,9.00
852,374,2023-01-07,11:55:59,118,"Steak Burrito",Mexican,14.95
853,375,2023-01-07,11:58:36,129,"Mushroom Ravioli",Italian,15.50
855,376,2023-01-07,12:01:17,132,"Eggplant Parmesan",Italian,16.95
856,377,2023-01-07,12:03:18,109,"Korean Beef Bowl",Asian,17.95
857,377,2023-01-07,12:03:18,106,"French Fries",American,7.00
858,378,2023-01-07,12:19:37,127,"Meat Lasagna",Italian,17.95
859,379,2023-01-07,12:25:37,106,"French Fries",American,7.00
860,380,2023-01-07,12:32:10,116,"Steak Tacos",Mexican,13.95
861,380,2023-01-07,12:32:10,102,Cheeseburger,American,13.95
862,381,2023-01-07,12:33:06,105,"Mac & Cheese",American,7.00
863,382,2023-01-07,12:33:07,106,"French Fries",American,7.00
864,382,2023-01-07,12:33:07,132,"Eggplant Parmesan",Italian,16.95
865,383,2023-01-07,12:43:59,122,"Chips & Salsa",Mexican,7.00
866,384,2023-01-07,12:51:46,109,"Korean Beef Bowl",Asian,17.95
867,384,2023-01-07,12:51:46,110,"Pork Ramen",Asian,17.95
868,384,2023-01-07,12:51:46,128,"Cheese Lasagna",Italian,15.50
869,384,2023-01-07,12:51:46,114,Potstickers,Asian,9.00
870,385,2023-01-07,12:54:19,132,"Eggplant Parmesan",Italian,16.95
871,386,2023-01-07,12:58:16,127,"Meat Lasagna",Italian,17.95
872,386,2023-01-07,12:58:16,121,"Cheese Quesadillas",Mexican,10.50
873,386,2023-01-07,12:58:16,106,"French Fries",American,7.00
874,387,2023-01-07,13:03:14,101,Hamburger,American,12.95
875,387,2023-01-07,13:03:14,107,"Orange Chicken",Asian,16.50
876,387,2023-01-07,13:03:14,104,"Veggie Burger",American,10.50
877,387,2023-01-07,13:03:14,124,Spaghetti,Italian,14.50
878,387,2023-01-07,13:03:14,113,Edamame,Asian,5.00
879,387,2023-01-07,13:03:14,122,"Chips & Salsa",Mexican,7.00
880,387,2023-01-07,13:03:14,131,"Chicken Parmesan",Italian,17.95
881,388,2023-01-07,13:04:56,101,Hamburger,American,12.95
882,388,2023-01-07,13:04:56,103,"Hot Dog",American,9.00
883,388,2023-01-07,13:04:56,128,"Cheese Lasagna",Italian,15.50
884,388,2023-01-07,13:04:56,132,"Eggplant Parmesan",Italian,16.95
885,389,2023-01-07,13:10:17,130,"Shrimp Scampi",Italian,19.95
886,390,2023-01-07,13:15:32,112,"Salmon Roll",Asian,14.95
887,391,2023-01-07,13:25:31,114,Potstickers,Asian,9.00
888,392,2023-01-07,13:36:47,107,"Orange Chicken",Asian,16.50
889,392,2023-01-07,13:36:47,116,"Steak Tacos",Mexican,13.95
890,392,2023-01-07,13:36:47,102,Cheeseburger,American,13.95
891,392,2023-01-07,13:36:47,113,Edamame,Asian,5.00
892,392,2023-01-07,13:36:47,119,"Chicken Torta",Mexican,11.95
893,392,2023-01-07,13:36:47,120,"Steak Torta",Mexican,13.95
894,392,2023-01-07,13:36:47,121,"Cheese Quesadillas",Mexican,10.50
895,392,2023-01-07,13:36:47,122,"Chips & Salsa",Mexican,7.00
896,393,2023-01-07,13:48:31,126,"Fettuccine Alfredo",Italian,14.50
897,393,2023-01-07,13:48:31,109,"Korean Beef Bowl",Asian,17.95
898,394,2023-01-07,14:02:18,107,"Orange Chicken",Asian,16.50
899,394,2023-01-07,14:02:18,104,"Veggie Burger",American,10.50
900,394,2023-01-07,14:02:18,109,"Korean Beef Bowl",Asian,17.95
901,394,2023-01-07,14:02:18,109,"Korean Beef Bowl",Asian,17.95
902,394,2023-01-07,14:02:18,112,"Salmon Roll",Asian,14.95
903,394,2023-01-07,14:02:18,113,Edamame,Asian,5.00
904,394,2023-01-07,14:02:18,113,Edamame,Asian,5.00
905,394,2023-01-07,14:02:18,120,"Steak Torta",Mexican,13.95
906,394,2023-01-07,14:02:18,122,"Chips & Salsa",Mexican,7.00
907,394,2023-01-07,14:02:18,130,"Shrimp Scampi",Italian,19.95
908,394,2023-01-07,14:02:18,106,"French Fries",American,7.00
909,394,2023-01-07,14:02:18,132,"Eggplant Parmesan",Italian,16.95
910,395,2023-01-07,14:11:08,111,"California Roll",Asian,11.95
911,396,2023-01-07,14:12:21,131,"Chicken Parmesan",Italian,17.95
912,397,2023-01-07,14:31:10,124,Spaghetti,Italian,14.50
913,397,2023-01-07,14:31:10,109,"Korean Beef Bowl",Asian,17.95
914,397,2023-01-07,14:31:10,113,Edamame,Asian,5.00
915,398,2023-01-07,14:56:26,113,Edamame,Asian,5.00
916,399,2023-01-07,15:47:49,101,Hamburger,American,12.95
917,399,2023-01-07,15:47:49,102,Cheeseburger,American,13.95
918,399,2023-01-07,15:47:49,125,"Spaghetti & Meatballs",Italian,17.95
919,399,2023-01-07,15:47:49,114,Potstickers,Asian,9.00
920,400,2023-01-07,16:03:07,113,Edamame,Asian,5.00
921,400,2023-01-07,16:03:07,106,"French Fries",American,7.00
922,401,2023-01-07,16:08:35,132,"Eggplant Parmesan",Italian,16.95
923,402,2023-01-07,16:24:46,125,"Spaghetti & Meatballs",Italian,17.95
924,402,2023-01-07,16:24:46,117,"Chicken Burrito",Mexican,12.95
925,403,2023-01-07,16:26:10,101,Hamburger,American,12.95
926,403,2023-01-07,16:26:10,108,"Tofu Pad Thai",Asian,14.50
927,403,2023-01-07,16:26:10,119,"Chicken Torta",Mexican,11.95
928,404,2023-01-07,16:39:27,104,"Veggie Burger",American,10.50
929,405,2023-01-07,16:44:16,120,"Steak Torta",Mexican,13.95
930,406,2023-01-07,16:50:49,103,"Hot Dog",American,9.00
931,406,2023-01-07,16:50:49,108,"Tofu Pad Thai",Asian,14.50
932,406,2023-01-07,16:50:49,127,"Meat Lasagna",Italian,17.95
933,407,2023-01-07,16:56:42,102,Cheeseburger,American,13.95
934,407,2023-01-07,16:56:42,108,"Tofu Pad Thai",Asian,14.50
935,407,2023-01-07,16:56:42,113,Edamame,Asian,5.00
936,408,2023-01-07,17:09:09,115,"Chicken Tacos",Mexican,11.95
937,408,2023-01-07,17:09:09,118,"Steak Burrito",Mexican,14.95
938,409,2023-01-07,17:15:04,113,Edamame,Asian,5.00
939,410,2023-01-07,17:33:49,107,"Orange Chicken",Asian,16.50
940,410,2023-01-07,17:33:49,128,"Cheese Lasagna",Italian,15.50
942,411,2023-01-07,17:58:09,117,"Chicken Burrito",Mexican,12.95
943,411,2023-01-07,17:58:09,105,"Mac & Cheese",American,7.00
944,412,2023-01-07,18:07:46,115,"Chicken Tacos",Mexican,11.95
945,412,2023-01-07,18:07:46,123,"Chips & Guacamole",Mexican,9.00
946,413,2023-01-07,18:11:32,114,Potstickers,Asian,9.00
947,414,2023-01-07,18:13:22,108,"Tofu Pad Thai",Asian,14.50
948,414,2023-01-07,18:13:22,124,Spaghetti,Italian,14.50
949,414,2023-01-07,18:13:22,117,"Chicken Burrito",Mexican,12.95
950,415,2023-01-07,18:16:23,102,Cheeseburger,American,13.95
951,416,2023-01-07,18:17:42,131,"Chicken Parmesan",Italian,17.95
952,417,2023-01-07,18:24:40,113,Edamame,Asian,5.00
953,418,2023-01-07,18:40:11,104,"Veggie Burger",American,10.50
954,418,2023-01-07,18:40:11,120,"Steak Torta",Mexican,13.95
955,419,2023-01-07,19:02:31,101,Hamburger,American,12.95
956,419,2023-01-07,19:02:31,109,"Korean Beef Bowl",Asian,17.95
957,419,2023-01-07,19:02:31,127,"Meat Lasagna",Italian,17.95
958,419,2023-01-07,19:02:31,132,"Eggplant Parmesan",Italian,16.95
959,420,2023-01-07,19:04:40,124,Spaghetti,Italian,14.50
960,420,2023-01-07,19:04:40,112,"Salmon Roll",Asian,14.95
961,421,2023-01-07,19:21:58,101,Hamburger,American,12.95
962,421,2023-01-07,19:21:58,116,"Steak Tacos",Mexican,13.95
963,421,2023-01-07,19:21:58,104,"Veggie Burger",American,10.50
964,422,2023-01-07,19:30:25,125,"Spaghetti & Meatballs",Italian,17.95
965,422,2023-01-07,19:30:25,117,"Chicken Burrito",Mexican,12.95
966,422,2023-01-07,19:30:25,131,"Chicken Parmesan",Italian,17.95
967,423,2023-01-07,19:45:07,117,"Chicken Burrito",Mexican,12.95
968,423,2023-01-07,19:45:07,120,"Steak Torta",Mexican,13.95
969,424,2023-01-07,20:01:28,113,Edamame,Asian,5.00
970,425,2023-01-07,20:21:19,121,"Cheese Quesadillas",Mexican,10.50
971,426,2023-01-07,20:25:45,108,"Tofu Pad Thai",Asian,14.50
972,426,2023-01-07,20:25:45,120,"Steak Torta",Mexican,13.95
973,426,2023-01-07,20:25:45,121,"Cheese Quesadillas",Mexican,10.50
974,427,2023-01-07,21:49:00,131,"Chicken Parmesan",Italian,17.95
975,428,2023-01-07,22:05:00,116,"Steak Tacos",Mexican,13.95
976,428,2023-01-07,22:05:00,110,"Pork Ramen",Asian,17.95
977,429,2023-01-07,22:16:53,122,"Chips & Salsa",Mexican,7.00
978,430,2023-01-07,22:46:13,126,"Fettuccine Alfredo",Italian,14.50
979,430,2023-01-07,22:46:13,120,"Steak Torta",Mexican,13.95
980,431,2023-01-08,11:17:13,107,"Orange Chicken",Asian,16.50
981,431,2023-01-08,11:17:13,103,"Hot Dog",American,9.00
982,431,2023-01-08,11:17:13,125,"Spaghetti & Meatballs",Italian,17.95
983,431,2023-01-08,11:17:13,109,"Korean Beef Bowl",Asian,17.95
984,432,2023-01-08,11:39:07,110,"Pork Ramen",Asian,17.95
985,432,2023-01-08,11:39:07,106,"French Fries",American,7.00
986,432,2023-01-08,11:39:07,132,"Eggplant Parmesan",Italian,16.95
987,433,2023-01-08,11:49:50,122,"Chips & Salsa",Mexican,7.00
988,434,2023-01-08,11:54:14,111,"California Roll",Asian,11.95
989,434,2023-01-08,11:54:14,122,"Chips & Salsa",Mexican,7.00
990,434,2023-01-08,11:54:14,132,"Eggplant Parmesan",Italian,16.95
991,435,2023-01-08,12:06:09,108,"Tofu Pad Thai",Asian,14.50
992,435,2023-01-08,12:06:09,112,"Salmon Roll",Asian,14.95
993,435,2023-01-08,12:06:09,123,"Chips & Guacamole",Mexican,9.00
994,436,2023-01-08,12:07:21,108,"Tofu Pad Thai",Asian,14.50
995,436,2023-01-08,12:07:21,117,"Chicken Burrito",Mexican,12.95
996,436,2023-01-08,12:07:21,112,"Salmon Roll",Asian,14.95
997,436,2023-01-08,12:07:21,118,"Steak Burrito",Mexican,14.95
998,437,2023-01-08,12:07:54,101,Hamburger,American,12.95
999,438,2023-01-08,12:08:38,132,"Eggplant Parmesan",Italian,16.95
1000,439,2023-01-08,12:13:08,103,"Hot Dog",American,9.00
1001,439,2023-01-08,12:13:08,113,Edamame,Asian,5.00
1002,439,2023-01-08,12:13:08,114,Potstickers,Asian,9.00
1003,440,2023-01-08,12:16:34,116,"Steak Tacos",Mexican,13.95
1004,440,2023-01-08,12:16:34,103,"Hot Dog",American,9.00
1005,440,2023-01-08,12:16:34,124,Spaghetti,Italian,14.50
1006,440,2023-01-08,12:16:34,125,"Spaghetti & Meatballs",Italian,17.95
1007,440,2023-01-08,12:16:34,125,"Spaghetti & Meatballs",Italian,17.95
1008,440,2023-01-08,12:16:34,126,"Fettuccine Alfredo",Italian,14.50
1009,440,2023-01-08,12:16:34,126,"Fettuccine Alfredo",Italian,14.50
1010,440,2023-01-08,12:16:34,109,"Korean Beef Bowl",Asian,17.95
